,scenario,queryNo,database,query,state,dbhits,mode,time,memory,plot_category,type
0,S_Lon,1,memgraph,"PROFILE MATCH  ()-[]-(d:CONNECTED_THROUGH)-[]-(), (d)-[]-(c:Ccolorclinectype) RETURN DISTINCT c.Cline, c.Ccolor",after,35898,retrieval,10.8137812,,retrieval $S_\text{Lon}$; Query 1; Memgraph,direct + naive
1,S_Lon,1,memgraph,"PROFILE MATCH ()-[c:CONNECTED_THROUGH]->() RETURN DISTINCT c.line, c.color",before,4589,retrieval,2.506182,,retrieval $S_\text{Lon}$; Query 1; Memgraph,original
2,S_Lon,1,memgraph,"PROFILE MATCH ()-[c:CONNECTED_THROUGH]->() WHERE c.line = ""Bakerloo"" SET c.color = ""Rainbow""",before,2706,update,1.0885251999999999,,update $S_\text{Lon}$; Query 1; Memgraph,original
3,S_Lon,1,memgraph,"PROFILE MATCH (:CONNECTED_THROUGH)-->(c:Ccolorclinectype) WHERE c.Cline = ""Bakerloo"" SET c.Ccolor = ""Rainbow""",after,152,update,0.12316039999999999,,update $S_\text{Lon}$; Query 1; Memgraph,direct + naive
4,S_Lon,1,memgraph,"PROFILE MATCH (:CONNECTED_THROUGH)-->(c:Ccolorclinectype) WHERE c.Cline = ""Bakerloo"" WITH DISTINCT c SET c.Ccolor = ""Rainbow""",after,156,update,0.1336934,,update $S_\text{Lon}$; Query 1; Memgraph,direct + naive
5,S_Lon,1,memgraph,"PROFILE MATCH (c:Ccolorclinectype) RETURN DISTINCT c.Cline, c.Ccolor",after,2736,retrieval,0.46618440000000005,,retrieval $S_\text{Lon}$; Query 1; Memgraph,direct + optimal
6,S_Lon,1,memgraph,"PROFILE MATCH (c:Ccolorclinectype) WHERE c.Cline = ""Bakerloo"" SET c.Ccolor = ""Rainbow""",after,7,update,0.07102839999999999,,update $S_\text{Lon}$; Query 1; Memgraph,direct + optimal
7,S_Lon,1,neo4j,"PROFILE MATCH  ()-[]-(d:CONNECTED_THROUGH)-[]-(), (d)-[]-(c:Ccolorclinectype) RETURN DISTINCT c.Cline, c.Ccolor",after,25517,retrieval,16.0944456,5800.0,retrieval $S_\text{Lon}$; Query 1; Neo4j,direct + naive
8,S_Lon,1,neo4j,"PROFILE MATCH ()-[c:CONNECTED_THROUGH]->() RETURN DISTINCT c.line, c.color",before,5857,retrieval,3.9427925000000004,5776.0,retrieval $S_\text{Lon}$; Query 1; Neo4j,original
9,S_Lon,1,neo4j,"PROFILE MATCH ()-[c:CONNECTED_THROUGH]->() WHERE c.line = ""Bakerloo"" SET c.color = ""Rainbow""",before,4001,update,1.9775980999999998,328.0,update $S_\text{Lon}$; Query 1; Neo4j,original
10,S_Lon,1,neo4j,"PROFILE MATCH (:CONNECTED_THROUGH)-->(c:Ccolorclinectype) WHERE c.Cline = ""Bakerloo"" SET c.Ccolor = ""Rainbow""",after,243,update,0.3809386,328.0,update $S_\text{Lon}$; Query 1; Neo4j,direct + naive
11,S_Lon,1,neo4j,"PROFILE MATCH (:CONNECTED_THROUGH)-->(c:Ccolorclinectype) WHERE c.Cline = ""Bakerloo"" WITH DISTINCT c SET c.Ccolor = ""Rainbow""",after,149,update,0.3528153,560.0,update $S_\text{Lon}$; Query 1; Neo4j,direct + naive
12,S_Lon,1,neo4j,"PROFILE MATCH (c:Ccolorclinectype) RETURN DISTINCT c.Cline, c.Ccolor",after,113,retrieval,0.3714483,5776.0,retrieval $S_\text{Lon}$; Query 1; Neo4j,direct + optimal
13,S_Lon,1,neo4j,"PROFILE MATCH (c:Ccolorclinectype) WHERE c.Cline = ""Bakerloo"" SET c.Ccolor = ""Rainbow""",after,4,update,0.28936850000000003,312.0,update $S_\text{Lon}$; Query 1; Neo4j,direct + optimal
14,S_Lon,2,memgraph,"PROFILE MATCH (s:Station)-[]-(:CONNECTED_THROUGH)-[:CCOLORCLINECTYPE]-(c:Ccolorclinectype) WHERE s.name = ""Piccadilly Circus"" RETURN DISTINCT c.Cline",after,2709,retrieval,0.6775816000000001,,retrieval $S_\text{Lon}$; Query 2; Memgraph,indirect
15,S_Lon,2,memgraph,"PROFILE MATCH (s:Station)-[c:CONNECTED_THROUGH]-() WHERE s.name = ""Piccadilly Circus"" RETURN DISTINCT c.line",before,677,retrieval,0.3306918,,retrieval $S_\text{Lon}$; Query 2; Memgraph,original
16,S_Lon,2,neo4j,"PROFILE MATCH (s:Station)-[]-(:CONNECTED_THROUGH)-[:CCOLORCLINECTYPE]-(c:Ccolorclinectype) WHERE s.name = ""Piccadilly Circus"" RETURN DISTINCT c.Cline",after,2030,retrieval,0.5680317,552.0,retrieval $S_\text{Lon}$; Query 2; Neo4j,indirect
17,S_Lon,2,neo4j,"PROFILE MATCH (s:Station)-[c:CONNECTED_THROUGH]-() WHERE s.name = ""Piccadilly Circus"" RETURN DISTINCT c.line",before,1971,retrieval,0.8847519,552.0,retrieval $S_\text{Lon}$; Query 2; Neo4j,original
18,S_Lon,3,memgraph,"PROFILE MATCH (s:Station) WHERE s.zoneOriginal IS NOT NULL RETURN DISTINCT s.zone, s.zoneOriginal",before,1964,retrieval,1.1864006999999999,,retrieval $S_\text{Lon}$; Query 3; Memgraph,original
19,S_Lon,3,memgraph,"PROFILE MATCH (s:Station)-[]-(s:SzoneszoneOriginal) WHERE s.SzoneOriginal IS NOT NULL RETURN DISTINCT s.Szone, s.SzoneOriginal",after,22,retrieval,0.03550609999999998,,retrieval $S_\text{Lon}$; Query 3; Memgraph,direct + naive
20,S_Lon,3,memgraph,"PROFILE MATCH (s:SzoneszoneOriginal) WHERE s.SzoneOriginal IS NOT NULL RETURN DISTINCT s.Szone, s.SzoneOriginal",after,50,retrieval,0.0947809,,retrieval $S_\text{Lon}$; Query 3; Memgraph,direct + optimal
21,S_Lon,3,neo4j,"PROFILE MATCH (s:Station) WHERE s.zoneOriginal IS NOT NULL RETURN DISTINCT s.zone, s.zoneOriginal",before,3241,retrieval,1.2948529,3160.0,retrieval $S_\text{Lon}$; Query 3; Neo4j,original
22,S_Lon,3,neo4j,"PROFILE MATCH (s:Station)-[]-(s:SzoneszoneOriginal) WHERE s.SzoneOriginal IS NOT NULL RETURN DISTINCT s.Szone, s.SzoneOriginal",after,46,retrieval,0.23981219999999998,328.0,retrieval $S_\text{Lon}$; Query 3; Neo4j,direct + naive
23,S_Lon,3,neo4j,"PROFILE MATCH (s:SzoneszoneOriginal) WHERE s.SzoneOriginal IS NOT NULL RETURN DISTINCT s.Szone, s.SzoneOriginal",after,46,retrieval,0.3657276,480.0,retrieval $S_\text{Lon}$; Query 3; Neo4j,direct + optimal
24,S_Lon,4,memgraph,"PROFILE MATCH (s:Station)-[]-(c:CONNECTED_THROUGH)-[]-(:Station), (s)-[]-(z:SzoneszoneOriginal), (c)-[]-(d:Ccolorclinectype) WHERE z.Szone = ""6"" RETURN DISTINCT d.Cline",after,88164,retrieval,13.916241699999997,,retrieval $S_\text{Lon}$; Query 4; Memgraph,indirect
25,S_Lon,4,memgraph,"PROFILE MATCH (s:Station)-[c:CONNECTED_THROUGH]-(:Station) WHERE s.zone = ""6"" RETURN DISTINCT c.line",before,1824,retrieval,0.7143434,,retrieval $S_\text{Lon}$; Query 4; Memgraph,original
26,S_Lon,4,neo4j,"PROFILE MATCH (s:Station)-[]-(c:CONNECTED_THROUGH)-[]-(:Station), (s)-[]-(z:SzoneszoneOriginal), (c)-[]-(d:Ccolorclinectype) WHERE z.Szone = ""6"" RETURN DISTINCT d.Cline",after,6857,retrieval,1.9010659,1800.0,retrieval $S_\text{Lon}$; Query 4; Neo4j,indirect
27,S_Lon,4,neo4j,"PROFILE MATCH (s:Station)-[c:CONNECTED_THROUGH]-(:Station) WHERE s.zone = ""6"" RETURN DISTINCT c.line",before,3459,retrieval,1.7142751,1776.0,retrieval $S_\text{Lon}$; Query 4; Neo4j,original
28,S_Lon,5,memgraph,"PROFILE MATCH (s:Station)-[]->(c:CONNECTED_THROUGH)-[]->(t:Station), (c)-[]-(d:Ccolorclinectype) WHERE s.name = ""Piccadilly Circus"" and d.Cline =""Bakerloo"" RETURN t.name",after,217,retrieval,0.12314449999999999,,retrieval $S_\text{Lon}$; Query 5; Memgraph,indirect
29,S_Lon,5,memgraph,"PROFILE MATCH (s:Station)-[c:CONNECTED_THROUGH]->(t:Station) WHERE s.name = ""Piccadilly Circus"" AND c.line = ""Bakerloo"" RETURN DISTINCT s.name, t.name",before,670,retrieval,0.3059136,,retrieval $S_\text{Lon}$; Query 5; Memgraph,original
30,S_Lon,5,neo4j,"PROFILE MATCH (s:Station)-[]->(c:CONNECTED_THROUGH)-[]->(t:Station), (c)-[]-(d:Ccolorclinectype) WHERE s.name = ""Piccadilly Circus"" and d.Cline =""Bakerloo"" RETURN t.name",after,355,retrieval,0.4364516,336.0,retrieval $S_\text{Lon}$; Query 5; Neo4j,indirect
31,S_Lon,5,neo4j,"PROFILE MATCH (s:Station)-[c:CONNECTED_THROUGH]->(t:Station) WHERE s.name = ""Piccadilly Circus"" AND c.line = ""Bakerloo"" RETURN DISTINCT s.name, t.name",before,1971,retrieval,0.7581882,816.0,retrieval $S_\text{Lon}$; Query 5; Neo4j,original
32,S_Nw,1,memgraph,"PROFILE MATCH (c:OcustomerIDoshipAddressoshipCityoshipCountryoshipPostalCodeoshipRegion) WHERE c.OcustomerID = ""FOLKO"" SET c.OshipCountry = ""Rainbow""",after,7,update,0.02269489999999998,,update $S_\text{Nw}$; Query 1; Memgraph,direct + optimal
33,S_Nw,1,memgraph,"PROFILE MATCH (o:Order) RETURN DISTINCT o.orderID, o.customerID",before,3531,retrieval,1.523653,,retrieval $S_\text{Nw}$; Query 1; Memgraph,original
34,S_Nw,1,memgraph,"PROFILE MATCH (o:Order) WHERE o.customerID = ""FOLKO"" SET o.shipCountry = ""Rainbow""",before,1079,update,0.27577969999999996,,update $S_\text{Nw}$; Query 1; Memgraph,original
35,S_Nw,1,memgraph,"PROFILE MATCH (o:Order)-[]-(c:OcustomerIDoshipAddressoshipCityoshipCountryoshipPostalCodeoshipRegion) RETURN DISTINCT o.orderID, c.OcustomerID",after,8267,retrieval,1.7998135999999998,,retrieval $S_\text{Nw}$; Query 1; Memgraph,indirect
36,S_Nw,1,memgraph,"PROFILE MATCH (o:Order)-[]-(c:OcustomerIDoshipAddressoshipCityoshipCountryoshipPostalCodeoshipRegion) WHERE c.OcustomerID = ""FOLKO"" SET c.OshipCountry = ""Rainbow""",after,65,update,0.05961419999999997,,update $S_\text{Nw}$; Query 1; Memgraph,direct + naive
37,S_Nw,1,memgraph,"PROFILE MATCH (o:Order)-[]-(c:OcustomerIDoshipAddressoshipCityoshipCountryoshipPostalCodeoshipRegion) WHERE c.OcustomerID = ""FOLKO"" WITH DISTINCT c SET c.OshipCountry = ""Rainbow""",after,69,update,0.06977159999999996,,update $S_\text{Nw}$; Query 1; Memgraph,direct + naive
38,S_Nw,1,neo4j,"PROFILE MATCH (c:OcustomerIDoshipAddressoshipCityoshipCountryoshipPostalCodeoshipRegion) WHERE c.OcustomerID = ""FOLKO"" SET c.OshipCountry = ""Rainbow""",after,4,update,0.4008242,312.0,update $S_\text{Nw}$; Query 1; Neo4j,direct + optimal
39,S_Nw,1,neo4j,"PROFILE MATCH (o:Order) RETURN DISTINCT o.orderID, o.customerID",before,3321,retrieval,7.505829199999999,156080.0,retrieval $S_\text{Nw}$; Query 1; Neo4j,original
40,S_Nw,1,neo4j,"PROFILE MATCH (o:Order) WHERE o.customerID = ""FOLKO"" SET o.shipCountry = ""Rainbow""",before,2529,update,1.282863,328.0,update $S_\text{Nw}$; Query 1; Neo4j,original
41,S_Nw,1,neo4j,"PROFILE MATCH (o:Order)-[]-(c:OcustomerIDoshipAddressoshipCityoshipCountryoshipPostalCodeoshipRegion) RETURN DISTINCT o.orderID, c.OcustomerID",after,4507,retrieval,12.3264899,156096.0,retrieval $S_\text{Nw}$; Query 1; Neo4j,indirect
42,S_Nw,1,neo4j,"PROFILE MATCH (o:Order)-[]-(c:OcustomerIDoshipAddressoshipCityoshipCountryoshipPostalCodeoshipRegion) WHERE c.OcustomerID = ""FOLKO"" SET c.OshipCountry = ""Rainbow""",after,98,update,0.5113437000000001,328.0,update $S_\text{Nw}$; Query 1; Neo4j,direct + naive
43,S_Nw,1,neo4j,"PROFILE MATCH (o:Order)-[]-(c:OcustomerIDoshipAddressoshipCityoshipCountryoshipPostalCodeoshipRegion) WHERE c.OcustomerID = ""FOLKO"" WITH DISTINCT c SET c.OshipCountry = ""Rainbow""",after,62,update,0.525633,560.0,update $S_\text{Nw}$; Query 1; Neo4j,direct + naive
44,S_Nw,2,memgraph,PROFILE MATCH (:Order)-->(o:OcustomerIDoshipAddressoshipCityoshipCountryoshipPostalCodeoshipRegion) WHERE o.OcustomerID IS NOT NULL AND o.OshipCity IS NOT NULL AND o.OshipPostalCode IS NOT NULL AND o.OshipCountry IS NOT NULL AND o.OshipAddress IS NOT NULL AND o.OshipRegion IS NOT NULL RETURN DISTINCT o.OcustomerID,after,2765,retrieval,0.7585153,,retrieval $S_\text{Nw}$; Query 2; Memgraph,direct + naive
45,S_Nw,2,memgraph,PROFILE MATCH (o:OcustomerIDoshipAddressoshipCityoshipCountryoshipPostalCodeoshipRegion) WHERE o.OcustomerID IS NOT NULL AND o.OshipCity IS NOT NULL AND o.OshipPostalCode IS NOT NULL AND o.OshipCountry IS NOT NULL AND o.OshipAddress IS NOT NULL AND o.OshipRegion IS NOT NULL RETURN DISTINCT o.OcustomerID,after,362,retrieval,0.23715139999999998,,retrieval $S_\text{Nw}$; Query 2; Memgraph,direct + optimal
46,S_Nw,2,memgraph,PROFILE MATCH (o:Order) WHERE o.customerID IS NOT NULL AND o.shipCity IS NOT NULL AND o.shipPostalCode IS NOT NULL AND o.shipCountry IS NOT NULL AND o.shipAddress IS NOT NULL AND o.shipRegion IS NOT NULL RETURN DISTINCT o.customerID,before,2790,retrieval,1.4386966,,retrieval $S_\text{Nw}$; Query 2; Memgraph,original
47,S_Nw,2,neo4j,PROFILE MATCH (:Order)-->(o:OcustomerIDoshipAddressoshipCityoshipCountryoshipPostalCodeoshipRegion) WHERE o.OcustomerID IS NOT NULL AND o.OshipCity IS NOT NULL AND o.OshipPostalCode IS NOT NULL AND o.OshipCountry IS NOT NULL AND o.OshipAddress IS NOT NULL AND o.OshipRegion IS NOT NULL RETURN DISTINCT o.OcustomerID,after,3559,retrieval,1.732818,328.0,retrieval $S_\text{Nw}$; Query 2; Neo4j,direct + naive
48,S_Nw,2,neo4j,PROFILE MATCH (o:OcustomerIDoshipAddressoshipCityoshipCountryoshipPostalCodeoshipRegion) WHERE o.OcustomerID IS NOT NULL AND o.OshipCity IS NOT NULL AND o.OshipPostalCode IS NOT NULL AND o.OshipCountry IS NOT NULL AND o.OshipAddress IS NOT NULL AND o.OshipRegion IS NOT NULL RETURN DISTINCT o.OcustomerID,after,980,retrieval,0.9670202,312.0,retrieval $S_\text{Nw}$; Query 2; Neo4j,direct + optimal
49,S_Nw,2,neo4j,PROFILE MATCH (o:Order) WHERE o.customerID IS NOT NULL AND o.shipCity IS NOT NULL AND o.shipPostalCode IS NOT NULL AND o.shipCountry IS NOT NULL AND o.shipAddress IS NOT NULL AND o.shipRegion IS NOT NULL RETURN DISTINCT o.customerID,before,10791,retrieval,4.562901800000001,6360.0,retrieval $S_\text{Nw}$; Query 2; Neo4j,original
50,S_Off-1,1,memgraph,"PROFILE MATCH (:Entity)-[]->(c:EcountriesecountryCodes) WHERE c.Ecountries IS NOT NULL AND c.EcountryCodes IS NOT NULL AND c.Ecountries = ""Singapore"" SET c.EcountryCodes = ""Sp""",after,15306,update,4.071903000000001,,update $S_\text{Off-1}$; Query 1; Memgraph,direct + naive
51,S_Off-1,1,memgraph,"PROFILE MATCH (:Entity)-[]->(c:EcountriesecountryCodes) WHERE c.Ecountries IS NOT NULL AND c.EcountryCodes IS NOT NULL AND c.Ecountries = ""Singapore"" WITH DISTINCT c SET c.EcountryCodes = ""Sp""",after,15310,update,1.9685131000000002,,update $S_\text{Off-1}$; Query 1; Memgraph,direct + naive
52,S_Off-1,1,memgraph,"PROFILE MATCH (:Entity)-[]->(c:EcountriesecountryCodes) WHERE c.Ecountries IS NOT NULL AND c.EcountryCodes IS NOT NULL RETURN DISTINCT c.Ecountries, c.EcountryCodes",after,1030373,retrieval,170.2131831,,retrieval $S_\text{Off-1}$; Query 1; Memgraph,direct + naive
53,S_Off-1,1,memgraph,"PROFILE MATCH (c:EcountriesecountryCodes) WHERE c.Ecountries IS NOT NULL AND c.EcountryCodes IS NOT NULL AND c.Ecountries = ""Singapore"" SET c.EcountryCodes = ""Sp""",after,866,update,0.7124117,,update $S_\text{Off-1}$; Query 1; Memgraph,direct + optimal
54,S_Off-1,1,memgraph,"PROFILE MATCH (c:EcountriesecountryCodes) WHERE c.Ecountries IS NOT NULL AND c.EcountryCodes IS NOT NULL RETURN DISTINCT c.Ecountries, c.EcountryCodes",after,3438,retrieval,1.1124443,,retrieval $S_\text{Off-1}$; Query 1; Memgraph,direct + optimal
55,S_Off-1,1,memgraph,"PROFILE MATCH (e:Entity) WHERE e.countries IS NOT NULL AND e.jurisdiction_description IS NOT NULL AND e.country_codes IS NOT NULL AND e.countries = ""Singapore"" SET e.country_codes = ""Sp""",before,2026155,update,336.0444669,,update $S_\text{Off-1}$; Query 1; Memgraph,original
56,S_Off-1,1,memgraph,"PROFILE MATCH (e:Entity) WHERE e.countries IS NOT NULL AND e.jurisdiction_description IS NOT NULL AND e.country_codes IS NOT NULL RETURN DISTINCT e.countries, e.country_codes",before,3027613,retrieval,923.4102665,,retrieval $S_\text{Off-1}$; Query 1; Memgraph,original
57,S_Off-1,1,neo4j,"PROFILE MATCH (:Entity)-[]->(c:EcountriesecountryCodes) WHERE c.Ecountries IS NOT NULL AND c.EcountryCodes IS NOT NULL AND c.Ecountries = ""Singapore"" SET c.EcountryCodes = ""Sp""",after,24071,update,8.1403973,328.0,update $S_\text{Off-1}$; Query 1; Neo4j,direct + naive
58,S_Off-1,1,neo4j,"PROFILE MATCH (:Entity)-[]->(c:EcountriesecountryCodes) WHERE c.Ecountries IS NOT NULL AND c.EcountryCodes IS NOT NULL AND c.Ecountries = ""Singapore"" WITH DISTINCT c SET c.EcountryCodes = ""Sp""",after,14447,update,2.9257094,560.0,update $S_\text{Off-1}$; Query 1; Neo4j,direct + naive
59,S_Off-1,1,neo4j,"PROFILE MATCH (:Entity)-[]->(c:EcountriesecountryCodes) WHERE c.Ecountries IS NOT NULL AND c.EcountryCodes IS NOT NULL RETURN DISTINCT c.Ecountries, c.EcountryCodes",after,1031379,retrieval,89.1859902,536.0,retrieval $S_\text{Off-1}$; Query 1; Neo4j,direct + naive
60,S_Off-1,1,neo4j,"PROFILE MATCH (c:EcountriesecountryCodes) WHERE c.Ecountries IS NOT NULL AND c.EcountryCodes IS NOT NULL AND c.Ecountries = ""Singapore"" SET c.EcountryCodes = ""Sp""",after,6,update,0.2776605,328.0,update $S_\text{Off-1}$; Query 1; Neo4j,direct + optimal
61,S_Off-1,1,neo4j,"PROFILE MATCH (c:EcountriesecountryCodes) WHERE c.Ecountries IS NOT NULL AND c.EcountryCodes IS NOT NULL RETURN DISTINCT c.Ecountries, c.EcountryCodes",after,2575,retrieval,2.1219547,544.0,retrieval $S_\text{Off-1}$; Query 1; Neo4j,direct + optimal
62,S_Off-1,1,neo4j,"PROFILE MATCH (e:Entity) WHERE e.countries IS NOT NULL AND e.jurisdiction_description IS NOT NULL AND e.country_codes IS NOT NULL AND e.countries = ""Singapore"" SET e.country_codes = ""Sp""",before,33692,update,18.2715496,43432.0,update $S_\text{Off-1}$; Query 1; Neo4j,original
63,S_Off-1,1,neo4j,"PROFILE MATCH (e:Entity) WHERE e.countries IS NOT NULL AND e.jurisdiction_description IS NOT NULL AND e.country_codes IS NOT NULL RETURN DISTINCT e.countries, e.country_codes",before,2524955,retrieval,406.9697238,600.0,retrieval $S_\text{Off-1}$; Query 1; Neo4j,original
64,S_Off-1,2,memgraph,"PROFILE MATCH (e:Entity) WHERE e.countries IS NOT NULL AND e.service_provider IS NOT NULL AND e.country_codes IS NOT NULL RETURN DISTINCT e.countries,e.service_provider, e.country_codes",before,2702775,retrieval,797.3572985,,retrieval $S_\text{Off-1}$; Query 2; Memgraph,original
65,S_Off-1,2,memgraph,"PROFILE MATCH (e:Entity)-[]-(c:EcountriesecountryCodes) WHERE c.Ecountries IS NOT NULL AND c.EcountryCodes IS NOT NULL RETURN DISTINCT c.Ecountries, c.EcountryCodes, e.service_provider",after,1030567,retrieval,283.41448809999997,,retrieval $S_\text{Off-1}$; Query 2; Memgraph,indirect
66,S_Off-1,2,neo4j,"PROFILE MATCH (e:Entity) WHERE e.countries IS NOT NULL AND e.service_provider IS NOT NULL AND e.country_codes IS NOT NULL RETURN DISTINCT e.countries,e.service_provider, e.country_codes",before,1715964,retrieval,254.31107860000003,108432.0,retrieval $S_\text{Off-1}$; Query 2; Neo4j,original
67,S_Off-1,2,neo4j,"PROFILE MATCH (e:Entity)-[]-(c:EcountriesecountryCodes) WHERE c.Ecountries IS NOT NULL AND c.EcountryCodes IS NOT NULL RETURN DISTINCT c.Ecountries, c.EcountryCodes, e.service_provider",after,1716575,retrieval,282.81373270000006,1160.0,retrieval $S_\text{Off-1}$; Query 2; Neo4j,indirect
68,S_Ts-2,1,memgraph,"PROFILE MATCH ()-[t:STOPS_AT]->(s:Station) WHERE s.name IS NOT NULL AND t.code IS NOT NULL AND s.name = ""Innsbruck Hbf"" SET t.code = ""Rainbow""",before,194278,update,30.6025254,,update $S_\text{Ts-2}$; Query 1; Memgraph,original
69,S_Ts-2,1,memgraph,"PROFILE MATCH ()-[t:STOPS_AT]->(s:Station) WHERE s.name IS NOT NULL AND t.code IS NOT NULL RETURN DISTINCT t.code, s.name",before,5675074,retrieval,1075.6674906,,retrieval $S_\text{Ts-2}$; Query 1; Memgraph,original
70,S_Ts-2,1,memgraph,"PROFILE MATCH (n:Snametcode) RETURN DISTINCT n.Sname, n.Tcode",after,5673812,retrieval,301.3897987,,retrieval $S_\text{Ts-2}$; Query 1; Memgraph,direct + optimal
71,S_Ts-2,1,memgraph,"PROFILE MATCH (n:Snametcode) WHERE n.Sname = ""Innsbruck Hbf"" SET n.Tcode = ""Rainbow""",after,7,update,0.06581949999999996,,update $S_\text{Ts-2}$; Query 1; Memgraph,direct + optimal
72,S_Ts-2,1,memgraph,"PROFILE MATCH (s:Station)-->(n:Snametcode), (t:STOPS_AT)-->(n), (t)-->(s) RETURN DISTINCT n.Sname, n.Tcode",after,21532367,retrieval,2122.5144479,,retrieval $S_\text{Ts-2}$; Query 1; Memgraph,direct + naive
73,S_Ts-2,1,memgraph,"PROFILE MATCH (s:Station)-->(n:Snametcode), (t:STOPS_AT)-->(n), (t)-->(s) WHERE n.Sname = ""Innsbruck Hbf"" SET n.Tcode = ""Rainbow""",after,226,update,0.11208319999999998,,update $S_\text{Ts-2}$; Query 1; Memgraph,direct + naive
74,S_Ts-2,1,memgraph,"PROFILE MATCH (s:Station)-->(n:Snametcode), (t:STOPS_AT)-->(n), (t)-->(s) WHERE n.Sname = ""Innsbruck Hbf"" WITH DISTINCT n  SET n.Tcode = ""Rainbow""",after,230,update,0.08655759999999998,,update $S_\text{Ts-2}$; Query 1; Memgraph,direct + naive
75,S_Ts-2,1,neo4j,"PROFILE MATCH ()-[t:STOPS_AT]->(s:Station) WHERE s.name IS NOT NULL AND t.code IS NOT NULL AND s.name = ""Innsbruck Hbf"" SET t.code = ""Rainbow""",before,123,update,0.9034285000000001,1040.0,update $S_\text{Ts-2}$; Query 1; Neo4j,original
76,S_Ts-2,1,neo4j,"PROFILE MATCH ()-[t:STOPS_AT]->(s:Station) WHERE s.name IS NOT NULL AND t.code IS NOT NULL RETURN DISTINCT t.code, s.name",before,3654287,retrieval,377.66354190000004,496.0,retrieval $S_\text{Ts-2}$; Query 1; Neo4j,original
77,S_Ts-2,1,neo4j,"PROFILE MATCH (n:Snametcode) RETURN DISTINCT n.Sname, n.Tcode",after,2169,retrieval,1.6635014000000001,104080.0,retrieval $S_\text{Ts-2}$; Query 1; Neo4j,direct + optimal
78,S_Ts-2,1,neo4j,"PROFILE MATCH (n:Snametcode) WHERE n.Sname = ""Innsbruck Hbf"" SET n.Tcode = ""Rainbow""",after,4,update,0.37565550000000003,312.0,update $S_\text{Ts-2}$; Query 1; Neo4j,direct + optimal
79,S_Ts-2,1,neo4j,"PROFILE MATCH (s:Station)-->(n:Snametcode), (t:STOPS_AT)-->(n), (t)-->(s) RETURN DISTINCT n.Sname, n.Tcode",after,14623422,retrieval,1.4677422,319224.0,retrieval $S_\text{Ts-2}$; Query 1; Neo4j,direct + naive
80,S_Ts-2,1,neo4j,"PROFILE MATCH (s:Station)-->(n:Snametcode), (t:STOPS_AT)-->(n), (t)-->(s) WHERE n.Sname = ""Innsbruck Hbf"" SET n.Tcode = ""Rainbow""",after,2989,update,0.0007092,46572.0,update $S_\text{Ts-2}$; Query 1; Neo4j,direct + naive
81,S_Ts-2,1,neo4j,"PROFILE MATCH (s:Station)-->(n:Snametcode), (t:STOPS_AT)-->(n), (t)-->(s) WHERE n.Sname = ""Innsbruck Hbf"" WITH DISTINCT n  SET n.Tcode = ""Rainbow""",after,2960,update,0.0007210000000000001,46572.0,update $S_\text{Ts-2}$; Query 1; Neo4j,direct + naive
82,S_Ts-2,2,memgraph,"PROFILE MATCH (ts:TrainService)-->(t:STOPS_AT)-->(s:Station), (ts)-->(d:Tsdatetsnumbertstype), (s)-->(n:Snametcode), (t)-->(n) WHERE d.Tstype CONTAINS ""Nightjet"" RETURN DISTINCT d.Tsnumber, d.Tstype, n.Tcode",after,191562509,retrieval,8231.405401,,retrieval $S_\text{Ts-2}$; Query 2; Memgraph,direct + naive
83,S_Ts-2,2,memgraph,"PROFILE MATCH (ts:TrainService)-[t:STOPS_AT]->(s:Station) WHERE ts.type CONTAINS ""Nightjet"" RETURN DISTINCT ts.number, ts.type, t.code",before,200599,retrieval,81.38909129999999,,retrieval $S_\text{Ts-2}$; Query 2; Memgraph,original
84,S_Ts-2,2,neo4j,"PROFILE MATCH (ts:TrainService)-->(t:STOPS_AT)-->(s:Station), (ts)-->(d:Tsdatetsnumbertstype), (s)-->(n:Snametcode), (t)-->(n) WHERE d.Tstype CONTAINS ""Nightjet"" RETURN DISTINCT d.Tsnumber, d.Tstype, n.Tcode",after,637897,retrieval,0.0446726,267360.0,retrieval $S_\text{Ts-2}$; Query 2; Neo4j,indirect
85,S_Ts-2,2,neo4j,"PROFILE MATCH (ts:TrainService)-[t:STOPS_AT]->(s:Station) WHERE ts.type CONTAINS ""Nightjet"" RETURN DISTINCT ts.number, ts.type, t.code",before,589524,retrieval,62.8343834,30952.0,retrieval $S_\text{Ts-2}$; Query 2; Neo4j,original
86,S_Ts-2,3,memgraph,"PROFILE MATCH (ts:TrainService) WHERE ts.type CONTAINS ""Nightjet"" RETURN DISTINCT ts.number, ts.completely_cancelled",before,194463,retrieval,78.9387825,,retrieval $S_\text{Ts-2}$; Query 3; Memgraph,original
87,S_Ts-2,3,memgraph,"PROFILE MATCH (ts:TrainService)-->(d:Tsdatetsnumbertstype) WHERE d.Tstype CONTAINS ""Nightjet"" RETURN DISTINCT d.Tsnumber, ts.completely_cancelled",after,9712778,retrieval,1042.6697171,,retrieval $S_\text{Ts-2}$; Query 3; Memgraph,indirect
88,S_Ts-2,3,neo4j,"PROFILE MATCH (ts:TrainService) WHERE ts.type CONTAINS ""Nightjet"" RETURN DISTINCT ts.number, ts.completely_cancelled",before,581320,retrieval,57.429051900000005,1440.0,retrieval $S_\text{Ts-2}$; Query 3; Neo4j,original
89,S_Ts-2,3,neo4j,"PROFILE MATCH (ts:TrainService)-->(d:Tsdatetsnumbertstype) WHERE d.Tstype CONTAINS ""Nightjet"" RETURN DISTINCT d.Tsnumber, ts.completely_cancelled",after,578976,retrieval,54.5305523,1440.0,retrieval $S_\text{Ts-2}$; Query 3; Neo4j,indirect
90,S_Ts-2,4,memgraph,"PROFILE MATCH (ts:TrainService) WHERE ts.type CONTAINS ""Sprinter"" RETURN DISTINCT ts.number, ts.operator",before,356326,retrieval,139.2099287,,retrieval $S_\text{Ts-2}$; Query 4; Memgraph,original
91,S_Ts-2,4,memgraph,"PROFILE MATCH (ts:TrainService)-->(d:Tsdatetsnumbertstype), (ts)-->(e:Tsdatetsnumbertsoperator) WHERE d.Tstype CONTAINS ""Sprinter"" RETURN DISTINCT d.Tsnumber, e.Tsoperator",after,13381704,retrieval,1226.0386584,,retrieval $S_\text{Ts-2}$; Query 4; Memgraph,indirect
92,S_Ts-2,4,neo4j,"PROFILE MATCH (ts:TrainService) WHERE ts.type CONTAINS ""Sprinter"" RETURN DISTINCT ts.number, ts.operator",before,817234,retrieval,116.80793109999999,837080.0,retrieval $S_\text{Ts-2}$; Query 4; Neo4j,original
93,S_Ts-2,4,neo4j,"PROFILE MATCH (ts:TrainService)-->(d:Tsdatetsnumbertstype), (ts)-->(e:Tsdatetsnumbertsoperator) WHERE d.Tstype CONTAINS ""Sprinter"" RETURN DISTINCT d.Tsnumber, e.Tsoperator",after,6310756,retrieval,514.4331235,837080.0,retrieval $S_\text{Ts-2}$; Query 4; Neo4j,indirect
